symbol,date,year,quarter,announcement_date,eps_actual,revenue_actual,beat,beat_rate_8q,beat_streak_4q,eps_estimate_30d_ago,eps_estimate_60d_ago,eps_estimate_7d_ago,eps_estimate_90d_ago,eps_estimate_analyst_count,eps_estimate_avg,eps_estimate_high,eps_estimate_low,eps_estimate_spread_pct,eps_revision_momentum_30d_60d,eps_revision_momentum_30d_90d,eps_revision_momentum_60d_90d,eps_revision_momentum_7d_30d,eps_revision_momentum_7d_60d,eps_revision_momentum_7d_90d,log_revenue_estimate_avg,net_revision_30d,net_revision_7d,prev_beat,prev_beat_lag2,prev_beat_lag3,prev_beat_lag4,prev_beat_lag5,prev_eps_surprise_pct,prev_grossProfitMargin,prev_grossProfitMargin_avg_4q,prev_grossProfitMargin_chg_1q,prev_grossProfitMargin_chg_4q,prev_netProfitMargin,prev_netProfitMargin_avg_4q,prev_netProfitMargin_chg_1q,prev_netProfitMargin_chg_4q,prev_operatingProfitMargin,prev_operatingProfitMargin_avg_4q,prev_operatingProfitMargin_chg_1q,prev_operatingProfitMargin_chg_4q,prev_revenue_surprise_pct,price_change_15d_pct,price_change_30d_pct,price_change_45d_pct,price_change_5d_pct,price_change_60d_pct,quarter_ef,quarter_cos,quarter_sin,revision_down_30d,revision_down_7d,revision_up_30d,revision_up_7d,stock_price_pre,straddle_price_pre,straddle_pct_pre,iv_call_pre,iv_put_pre,iv_avg_pre,stock_price_post,straddle_price_post,straddle_pct_post,iv_call_post,iv_put_post,iv_avg_post,iv_crush_pct,stock_price_pre_vf,stock_price_post_vf,actual_move_pct,realized_vol_5d,realized_vol_21d,realized_vol_63d,vol_of_vol,vol_expansion_ratio,historical_move_avg
NVDA,2017-07-31,2017,3,2017-11-09,0.03,2636000000.0,1.0,0.875,0.0,0.0172499999999999,0.0172499999999999,0.0172499999999999,0.017,23.0,0.0174999999999999,0.01975,0.0165,18.57142857142857,0.0,1.4705882352940984,1.4705882352940984,0.0,0.0,1.4705882352940984,21.345474107642993,4.0,1.0,1.0,1.0,1.0,1.0,1.0,6.779661016949159,0.4344982433424798,0.4337282333243411,0.0,0.0004115635636333,0.1207559817283348,0.1183998209589852,0.0,0.0023260101822694,0.1715257159836008,0.1700119466360823,0.0,0.0021125302489655,2.298850577648776,5.274794214956799,12.821603818596868,16.849155960956335,0.2252088529802647,27.77811774968156,3,-1.8369701987210294e-16,-1.0,1.0,0.0,4.0,1.0,212.5,15.725,7.4,1.01973,1.02949,1.02461,215.0,7.45,3.4651162790697674,0.30755,0.30755,0.30755,69.98370111554641,5.167477130889893,5.33992338180542,3.337145894360849,0.18288879546239142,0.19339265044038156,0.32664286385883046,0.06179695693106249,0.9456863797353652,
NVDA,2017-10-31,2017,4,2018-02-08,0.04,2911000000.0,1.0,0.875,1.0,0.0413225,0.04118,0.0413625,0.040895,42.0,0.00074425,0.00469815625,-0.0027282499999999,752.5379825653782,0.3460417678484623,1.045360068468021,0.6969067123120198,0.096799564401973,0.4431762991743616,1.1431715368627036,21.372152886550285,6.0,4.0,1.0,1.0,1.0,1.0,1.0,71.42857142857144,0.5838565022421525,0.4337282333243411,0.0,0.0004115635636333,0.2614349775784753,0.1183998209589852,0.0,0.0023260101822694,0.3085201793721973,0.1700119466360823,0.0,0.0021125302489655,41.48936177693115,-4.2317396661302435,3.063002498122976,17.171081340397233,-2.021239191534057,19.48400536281978,4,1.0,-2.4492935982947064e-16,0.0,0.0,6.0,4.0,225.0,18.825,8.366666666666667,1.15631,1.14656,1.151435,232.5,14.0,6.021505376344086,0.51243,0.58072,0.546575,52.53097222161911,5.656625747680664,5.737717151641846,1.4335649480510693,0.8441083173524063,0.44905916963943926,0.4016172192340531,0.05193478275311683,1.8797262686566714,3.337145894360849
NVDA,2018-04-30,2018,2,2018-08-16,0.05,3123000000.0,1.0,1.0,3.0,0.03625,0.03625,0.03625,0.0245,21.0,0.03625,0.0414999999999999,0.0245,46.89655172413792,0.0,47.959183673469376,47.959183673469376,0.0,0.0,47.959183673469376,21.77035148891705,1.0,0.0,1.0,1.0,1.0,1.0,1.0,5274.538125629829,0.5952200303490136,0.5914321876467266,0.0,0.0004115635636333,0.3179059180576631,0.2990822712312671,0.0,0.0023260101822694,0.3395295902883156,0.3291931199829428,0.0,0.0021125302489655,52.13675216534028,5.807417332724842,4.383585288902352,9.362624263041038,1.6837282171035763,-2.3297783473153006,2,-1.0,1.2246467991473532e-16,1.0,0.0,1.0,0.0,262.5,15.55,5.923809523809524,0.82461,0.81486,0.819735,245.0,8.19,3.3428571428571425,0.2978,0.30755,0.302675,63.07648203382799,6.413183689117432,6.060194969177246,5.504110548699459,0.19907595521406446,0.1863328317579545,0.24117562044226623,0.05078768299990923,1.0683890398481315,2.385355421205959
NVDA,2018-07-31,2018,3,2018-11-15,0.05,3181000000.0,1.0,1.0,4.0,0.0414999999999999,0.0417499999999999,0.0414999999999999,0.0417499999999999,21.0,0.0414999999999999,0.04425,0.03725,16.867469879518072,-0.5988023952095813,-0.5988023952095813,0.0,0.0,-0.5988023952095813,-0.5988023952095813,21.896634309133855,4.0,3.0,1.0,1.0,1.0,1.0,1.0,37.93103448275863,0.6448394137823511,0.6047839941806327,0.0496193834333374,0.0609829115401986,0.3879014655441222,0.3212870698094809,0.069995547486459,0.1264664879656469,0.4038041783598378,0.3478458845771666,0.0642745880715222,0.0952839989876405,9.604519795029187,-2.862040454304299,-16.22480815954216,-29.830604969528352,-4.123095541369077,-28.66546013374477,3,-1.8369701987210294e-16,-1.0,1.0,0.0,4.0,3.0,200.0,20.925,10.4625,1.45875,1.43923,1.44899,165.0,9.325,5.651515151515151,0.51243,0.51243,0.51243,64.63536670370395,4.883848667144775,4.072474956512451,16.613408111735662,0.7690639636574659,0.7351620360953075,0.5423735465199427,0.09998078553957936,1.0461149051469292,3.4249404637037926
NVDA,2018-10-31,2018,4,2019-02-14,0.02,2205000000.0,1.0,1.0,4.0,0.0413225,0.04118,0.0413625,0.040895,42.0,0.0004695,0.0044234062499999,-0.0030029999999999,752.5379825653782,0.3460417678484623,1.045360068468021,0.6969067123120198,0.096799564401973,0.4431762991743616,1.1431715368627036,21.4494548251914,6.0,4.0,1.0,1.0,1.0,1.0,1.0,20.481927710843394,0.6324047390329811,0.6169210533783398,-0.0124346747493699,0.0371847086839675,0.3525456292026897,0.3440647327155345,-0.0353558363414324,0.0346397111450266,0.3704771053474223,0.3633351160709728,-0.0333270730124155,0.0309475150591067,-1.6042780616332304,16.17023820250271,1.6219293215789532,14.388349543903884,3.1787926452630004,4.390585076229111,4,1.0,-2.4492935982947064e-16,0.0,0.0,6.0,4.0,150.0,11.225,7.483333333333335,1.02949,1.02949,1.02949,157.5,6.5,4.1269841269841265,0.37584,0.37584,0.37584,63.49260313359042,3.7902004718780518,3.900773286819458,2.9173342086208143,0.41051734102265613,0.7108503001707585,0.7897505196699254,0.10460547240548129,0.5775018184898323,6.72205737571176
NVDA,2019-04-30,2019,2,2019-08-15,0.03,2579000000.0,1.0,1.0,4.0,0.01975,0.02,0.01975,0.02025,26.0,0.01975,0.02175,0.014,39.240506329113906,-1.250000000000001,-2.469135802469138,-1.234567901234569,0.0,-1.250000000000001,-2.469135802469138,21.595318126967975,1.0,-2.0,1.0,1.0,1.0,1.0,1.0,4159.850905218317,0.6038981452373468,0.6212601108225064,0.0,-0.0409412685450043,0.3866708582206853,0.3784472027970456,0.0,-0.0012306073234368,0.3325998113800691,0.3598702266168495,0.0,-0.0712043669797686,6.666666666666667,-14.465662319478664,-10.282765583946212,-8.622032328428904,-2.6657099395249113,3.7541438047531552,2,-1.0,1.2246467991473532e-16,1.0,3.0,1.0,1.0,155.0,11.05,7.129032258064516,0.99046,0.97095,0.980705,160.0,6.5,4.0625,0.36609,0.36609,0.36609,62.67073176949235,3.728620767593384,3.9644083976745605,6.3237224909135525,0.507060555050795,0.41170162165590507,0.3822985051688654,0.049557143203856166,1.231621466564418,5.961112742293571
NVDA,2019-07-31,2019,3,2019-11-14,0.04,3014000000.0,1.0,1.0,4.0,0.0284999999999999,0.0284999999999999,0.0284999999999999,0.02775,27.0,0.0284999999999999,0.031,0.02675,14.912280701754376,0.0,2.7027027027026795,2.7027027027026795,0.0,0.0,2.7027027027026795,21.700996192456305,2.0,0.0,1.0,1.0,1.0,1.0,1.0,51.898734177215175,0.5837837837837838,0.6059962033228645,-0.0201143614535629,-0.0486209552491972,0.1774774774774774,0.3258412057803844,-0.2091933807432079,-0.1750681517252123,0.1612612612612612,0.2992344973422055,-0.1713385501188079,-0.2092158440861611,7.82608696233868,2.78437805657893,11.81576128305854,21.431051909831037,0.3802083837960214,14.63671529880693,3,-1.8369701987210294e-16,-1.0,1.0,0.0,2.0,0.0,210.0,14.325,6.821428571428571,0.94168,0.94168,0.94168,205.0,8.125,3.9634146341463414,0.35633,0.36609,0.36121,61.64195905190722,5.187233924865723,5.078302383422852,2.0999928482248076,0.07534949962704335,0.2513923332764656,0.37893450240789245,0.031744072648386884,0.2997287094836686,6.021547700396901
NVDA,2019-10-31,2019,4,2020-02-13,0.05,3105000000.0,1.0,1.0,4.0,0.0413225,0.04118,0.0413625,0.040895,42.0,0.00110375,0.00505765625,-0.0023687499999999,672.8340883352205,0.3460417678484623,1.045360068468021,0.6969067123120198,0.096799564401973,0.4431762991743616,1.1431715368627036,21.732526349845177,6.0,4.0,1.0,1.0,1.0,1.0,1.0,40.35087719298247,0.5975184179914695,0.5972746230624867,0.0137346342076857,-0.0063797272458772,0.2140364482357503,0.2912139105386496,0.0365589707582728,-0.172634409984935,0.221403644823575,0.2619661322112436,0.0601423835623138,-0.1111961665564941,13.37579619271964,9.908472973671463,8.159406264598255,15.058885837634136,8.327033155283498,21.675088026979378,4,1.0,-2.4492935982947064e-16,0.0,0.0,6.0,4.0,267.5,19.2,7.177570093457944,1.00022,0.99046,0.99534,290.0,9.5,3.2758620689655173,0.2978,0.2978,0.2978,70.08057548174493,6.783199787139893,7.212532997131348,6.329361119591637,0.30854189534401616,0.339531618135413,0.2898094730691558,0.05143975798013926,0.908728020790578,5.461325578658031
NVDA,2020-04-30,2020,2,2020-08-19,0.05,3866000000.0,1.0,1.0,4.0,0.0419999999999999,0.0424999999999999,0.0419999999999999,0.038,28.0,0.0419999999999999,0.044,0.03825,13.690476190476186,-1.1764705882352953,10.526315789473676,11.842105263157888,0.0,-1.1764705882352953,10.526315789473676,21.97419488369195,2.0,1.0,1.0,1.0,1.0,1.0,1.0,4430.011325028313,0.6357000663570007,0.6131755836223137,0.0,0.0519162825732169,0.2982747179827472,0.2470158404196805,0.0,0.1207972405052697,0.3075646980756469,0.2494485755590325,0.0,0.1463034368143857,13.173652718182485,11.3576182855645,20.185745584886412,27.55336345066176,7.146261888805395,32.387658612703646,2,-1.0,1.2246467991473532e-16,1.0,0.0,2.0,1.0,495.0,33.525,6.772727272727272,0.81486,0.8051,0.80998,485.0,8.325,1.7164948453608249,0.40511,0.41487,0.40999,49.38270080742734,12.219099044799805,12.099759101867676,0.976667285325894,0.5115515670755445,0.38531024585099294,0.37976027370295656,0.01938315544705697,1.3276355160131703,5.569830021274731
NVDA,2020-07-31,2020,3,2020-11-18,0.07,4726000000.0,1.0,1.0,4.0,0.04925,0.04925,0.04925,0.04475,30.0,0.04925,0.056,0.04825,15.73604060913707,0.0,10.05586592178772,10.05586592178772,0.0,0.0,10.05586592178772,22.134440702516088,1.0,-1.0,1.0,1.0,1.0,1.0,1.0,19.047619047619065,0.6506493506493507,0.6298919753387054,0.0149492842923499,0.0531309326578811,0.2977272727272727,0.2770782892321293,-0.0005474452554745,0.0836908244915223,0.3168831168831169,0.2883540394644964,0.0093184188074699,0.0954794720595418,10.65989850767012,6.688771966590511,-2.818328147659042,2.7560219411910576,-0.2563856666016668,10.115456686162684,3,-1.8369701987210294e-16,-1.0,1.0,1.0,1.0,0.0,540.0,38.175,7.069444444444444,0.85388,0.83437,0.844125,537.5,9.6,1.786046511627907,0.42462,0.40511,0.414865,50.8526580778913,13.380657196044922,13.398601531982422,0.13410653658181282,0.39025344374643595,0.5679307412411605,0.5249301348229076,0.09119920510076703,0.6871497093000687,5.0594786061693044
NVDA,2020-10-31,2020,4,2021-02-24,0.08,5003000000.0,1.0,1.0,4.0,0.0413225,0.04118,0.0413625,0.040895,42.0,0.00175,0.00570390625,-0.0017224999999999,424.3660714285714,0.3460417678484623,1.045360068468021,0.6969067123120198,0.096799564401973,0.4431762991743616,1.1431715368627036,22.294866878483703,6.0,4.0,1.0,1.0,1.0,1.0,1.0,42.13197969543148,0.5884635281945163,0.6276282528894671,-0.0621858224548343,-0.0472365381624844,0.1608898085876875,0.2637916293201136,-0.1368374641395851,-0.1373849093950596,0.1683911019141231,0.2751009037371335,-0.1484920149689937,-0.1391735961615238,15.24663677173786,-2.055231038961641,3.132189671896398,6.517061094584473,-4.632816384652641,8.836948651205596,4,1.0,-2.4492935982947064e-16,0.0,0.0,6.0,4.0,575.0,39.224999999999994,6.821739130434781,0.82461,0.8051,0.814855,532.5,16.35,3.070422535211268,0.72706,0.74657,0.736815,9.577164035319168,14.102341651916504,13.270181655883789,5.900863959849001,0.28625079650544877,0.398043097524713,0.34402984183924257,0.020331971802480194,0.7191452339848112,4.566941399210555
NVDA,2021-04-30,2021,2,2021-08-18,0.1,6507000000.0,1.0,1.0,4.0,0.08175,0.0805,0.08175,0.06375,30.0,0.0819999999999999,0.0854999999999999,0.079,7.926829268292675,1.552795031055902,28.235294117647065,26.27450980392157,0.0,1.552795031055902,28.235294117647065,22.64264132087741,3.0,2.0,1.0,1.0,1.0,1.0,1.0,4471.428571428571,0.6263224714346171,0.6229394554282753,0.0,-0.0243268792147336,0.2826914938637325,0.2560000172606063,0.0,-0.0150357788635401,0.2958104104951333,0.2692237599468766,0.0,-0.0210727063879835,3.918493669965831,-1.4785052784263553,7.141688012382708,-5.022702463227291,-2.2456880879498105,4.395397582445691,2,-1.0,1.2246467991473532e-16,1.0,0.0,3.0,2.0,200.0,11.05,5.525,0.66852,0.65876,0.66364,197.5,4.42,2.2379746835443037,0.53194,0.53194,0.53194,19.845096739195956,19.414581298828125,19.75381851196289,1.7473321104032324,0.2628818279784721,0.2555134256501656,0.3247817935920373,0.037122672744771344,1.028837632737134,4.688207086541323
NVDA,2021-07-31,2021,3,2021-11-17,0.12,7103000000.0,1.0,1.0,4.0,0.102,0.409,0.101,0.411,30.0,0.101,0.107,0.097,9.90099009900991,-43.85921732709821,-75.18248175182482,-0.4866180048661939,-0.980392156862746,-75.30562347188263,-75.42579075425792,22.726553661651252,1.0,-3.0,1.0,1.0,1.0,1.0,1.0,21.951219512195145,0.6410528175234057,0.620540322146789,0.0147303460887886,0.0525892893288894,0.3377495142201024,0.2660055776338137,0.0550580203563699,0.1768597056324149,0.3455219925808161,0.2763834788713014,0.0497115820856828,0.177130890666693,-4.543254067217275,16.943498582434202,38.15296042120492,45.61274715549855,-0.6153319799048574,37.91321876783368,3,-1.8369701987210294e-16,-1.0,1.0,3.0,1.0,0.0,300.0,19.15,6.383333333333334,0.76608,0.76608,0.76608,317.5,8.225,2.590551181102362,0.60999,0.6295,0.619745,19.101790935672515,30.14091682434082,31.609891891479492,4.873690723144741,0.41193322223534673,0.4959852106818315,0.41547546719155576,0.06620601977720987,0.830535292915411,4.443134171863149
NVDA,2021-10-31,2021,4,2022-02-16,0.13,7643000000.0,1.0,1.0,4.0,0.16529,0.16472,0.16545,0.16358,42.0,0.012,0.027815625,-0.0018899999999999,247.546875,0.3460417678484623,1.045360068468021,0.6969067123120198,0.096799564401973,0.4431762991743616,1.1431715368627036,22.72748807944657,6.0,4.0,1.0,1.0,1.0,1.0,1.0,18.8118811881188,0.6477639465191333,0.6353654267279433,0.0067111289957275,0.0214414750845162,0.3648378669125557,0.3169925922150308,0.0270883526924533,0.0821463730488232,0.3755955125249731,0.328184581524014,0.0300735199441569,0.0797851020298398,-4.186883463570648,8.204670653326879,-1.6591431728904544,-9.914658336073746,2.598350023018512,-4.697684166908918,4,1.0,-2.4492935982947064e-16,0.0,0.0,6.0,4.0,242.5,23.35,9.628865979381445,1.14656,1.15631,1.151435,245.0,8.25,3.36734693877551,0.81486,0.79535,0.805105,30.078119911241192,26.44377899169922,24.45961570739746,7.503327285122873,1.0625573812391913,0.6921456425815904,0.6267868074290022,0.07718890874311701,1.5351644449801425,4.476253906577117
NVDA,2022-04-30,2022,2,2022-08-24,0.05,6704000000.0,0.0,1.0,4.0,0.129,0.129,0.129,0.129,31.0,0.129,0.133,0.123,7.751937984496131,0.0,0.0,0.0,0.0,0.0,0.0,22.62529672921298,1.0,0.0,1.0,1.0,1.0,1.0,1.0,983.3333333333334,0.6519780374489652,0.6481932097351173,0.0,0.0109252199255595,0.3468956778825848,0.3490946842244569,0.0,0.0091461636624823,0.3760382936787273,0.368298523115811,0.0,0.0305163010979112,3.0009426246555813,-3.4395631519564205,-0.796807959012796,8.479614743286929,-8.480283719149222,0.3211706123925922,2,-1.0,1.2246467991473532e-16,0.0,0.0,1.0,0.0,170.0,11.425,6.720588235294119,0.81486,0.79535,0.805105,180.0,4.744999999999999,2.63611111111111,0.64901,0.60023,0.62462,22.417572863166917,17.15433120727539,17.88519287109375,4.260508060543855,0.5289653501667895,0.5621816934631196,0.585337495677165,0.03617557311797738,0.94091528827324,4.6924734336161
NVDA,2022-07-31,2022,3,2022-11-16,0.06,5931000000.0,1.0,0.875,3.0,0.126,0.126,0.125,0.135,0.0,0.0,0.0,0.0,15.646258503401375,0.0,-6.666666666666672,-6.666666666666672,-0.7936507936507943,-0.7936507936507943,-7.407407407407414,22.477803068671104,1.0,0.0,0.0,1.0,1.0,1.0,1.0,-61.240310077519375,0.655284749034749,0.6517511926129531,0.0033067115857837,0.0075208025156157,0.1952220077220077,0.3134628075999332,-0.1516736701605771,-0.169615859190548,0.2253861003861003,0.338264550067132,-0.150652193292627,-0.1502094121388728,0.067369789503138,23.479312847810306,48.445713715140265,37.29304327757117,5.815874514030209,26.276743399956935,3,-1.8369701987210294e-16,-1.0,0.0,0.0,1.0,0.0,162.5,13.525,8.323076923076922,1.00998,0.98071,0.995345,157.5,4.47,2.838095238095238,0.67828,0.66852,0.6734,32.345066283549926,16.645078659057617,15.657317161560059,5.934255510171804,1.1121368948112718,0.6104881915842233,0.6357358543379,0.04712735626954231,1.8217172914110997,4.663675742077951
NVDA,2022-10-31,2022,4,2023-02-22,0.09,6051000000.0,1.0,0.875,3.0,0.16529,0.16472,0.16545,0.16358,42.0,0.008,0.023815625,-0.0058899999999999,371.32031249999983,0.3460417678484623,1.045360068468021,0.6969067123120198,0.096799564401973,0.4431762991743616,1.1431715368627036,22.51753077935359,6.0,4.0,1.0,0.0,1.0,1.0,1.0,6.779661016949159,0.4348150357995227,0.5985139649330505,-0.2204697132352263,-0.2171630016494425,0.0978520286396181,0.2467163480316988,-0.0973699790823896,-0.2490436492429666,0.0744331742243436,0.2629739654919746,-0.1509529261617567,-0.3016051194543837,2.598753885044271,-2.0579323081937235,15.785633097944864,39.00664366237269,-6.122173773899135,35.83452913078097,4,1.0,-2.4492935982947064e-16,0.0,0.0,6.0,4.0,,,,,,,237.5,6.279999999999999,2.6442105263157893,0.6295,0.6295,0.6295,,20.634347915649414,23.640338897705078,14.567899089148707,0.5877597573832544,0.5978107449881738,0.5686081842167334,0.03829462587651825,0.9831870074447755,4.7430869775838165
NVDA,2023-04-30,2023,2,2023-08-23,0.27,13507000000.0,1.0,0.875,3.0,0.091,0.091,0.092,0.0849999999999999,31.0,0.092,0.097,0.081,17.391304347826086,0.0,7.058823529411772,7.058823529411772,1.0989010989011,1.0989010989011,8.235294117647067,23.141320179835667,4.0,1.0,1.0,1.0,1.0,0.0,1.0,1024.9999999999998,0.5356600910470409,0.5403549917320885,0.0,-0.119624657987708,0.114651829371101,0.1305944237759569,0.0,-0.0805701783509067,0.1013319844882819,0.1256208108967519,0.0,-0.1240541158978184,0.597639320102095,0.5526623293770316,3.0671084845875636,7.446546800487344,5.3617686215420886,8.194925960900235,2,-1.0,1.2246467991473532e-16,0.0,0.0,4.0,1.0,470.0,51.2,10.893617021276595,1.31241,1.30265,1.30753,472.5,11.075,2.3439153439153437,0.57096,0.55145,0.561205,57.07899627542007,45.63479995727539,47.12871170043945,3.2736239548824653,0.6744788741086325,0.5018006150675509,0.6082628419787437,0.054623499858225386,1.3441172725901027,5.321017101793516
NVDA,2023-07-31,2023,3,2023-11-21,0.4,18120000000.0,1.0,0.875,4.0,0.206,0.205,0.206,0.106,34.0,0.209,0.249,0.176,34.92822966507179,0.4878048780487944,68.47782377291539,60.30638297872313,0.0,0.4878048780487944,94.33962264150942,23.444205938585657,6.0,2.0,1.0,1.0,1.0,1.0,0.0,193.47826086956525,0.646273637374861,0.5381022138171164,0.11061354632782,0.2114586015753383,0.2840656284760845,0.1528053289644761,0.1694137991049835,0.1862135998364664,0.2975528364849833,0.1436624949214726,0.1962208519967014,0.2231196622606397,20.34034212401996,12.0075554370012,21.799121390464933,10.154714935146185,3.1111850265099923,22.89784296147561,3,-1.8369701987210294e-16,-1.0,0.0,0.0,6.0,2.0,492.5,38.599999999999994,7.837563451776648,0.70754,0.70754,0.70754,487.5,6.525,1.3384615384615386,0.21975,0.22951,0.22463,68.25197161997907,50.37649917602539,48.68458938598633,3.3585299052385498,0.26102483776295216,0.344653647428005,0.3483973721118277,0.0304766546228291,0.7573540559076133,5.207273038076235
NVDA,2023-10-31,2023,4,2024-02-21,0.52,22103000000.0,1.0,0.875,4.0,0.16529,0.16472,0.16545,0.16358,42.0,0.046,0.061815625,0.03211,64.57744565217392,0.3460417678484623,1.045360068468021,0.6969067123120198,0.096799564401973,0.4431762991743616,1.1431715368627036,23.7308673911199,6.0,4.0,1.0,1.0,1.0,1.0,1.0,91.38755980861248,0.7005256533649219,0.6045298682084662,0.0542520159900609,0.1648655623178809,0.4581328200192492,0.2428755268093839,0.1740671915431647,0.3434809906481482,0.5034426593618124,0.2509148662058399,0.2058898228768291,0.4021106748735305,19.25289247495821,0.1730815473930748,16.74370542865036,41.45875437882779,-4.412434171646201,42.232249643819216,4,1.0,-2.4492935982947064e-16,0.0,0.0,6.0,4.0,,,,,,,785.0,17.925,2.28343949044586,0.53194,0.56121,0.546575,,69.413330078125,78.49427032470703,13.082415490456079,0.40072579307888595,0.36927723843617904,0.3364262461293272,0.01607610302224234,1.0851624507805726,5.109970767926884
NVDA,2024-04-30,2024,2,2024-08-28,0.68,30040000000.0,1.0,0.875,4.0,0.553,0.5509999999999999,0.557,0.4629999999999999,36.0,0.5589999999999999,0.612,0.532,14.311270125223608,0.3629764065335958,19.438444924406067,19.006479481641463,0.7233273056057872,1.0889292196007472,20.302375809935224,24.082929359314363,6.0,4.0,1.0,1.0,1.0,1.0,1.0,1030.4347826086955,0.739514348785872,0.7064569970778817,0.0,0.0932407114110109,0.5100993377483444,0.4405992809980056,0.0,0.2260337092722598,0.5748896247240618,0.4876936863237298,0.0,0.2773367882390785,9.211020416230213,17.68483541262992,13.479577604562584,-0.7273350066440277,3.685148530608143,3.853004144149888,2,-1.0,1.2246467991473532e-16,0.0,0.0,6.0,4.0,127.0,14.2,11.181102362204724,1.35143,1.33192,1.341675,118.0,3.23,2.73728813559322,0.67828,0.6295,0.65389,51.26315985614996,128.2451171875,117.53968811035156,8.347630936698069,0.5151741471392773,0.7950760064108435,0.6222465048240718,0.05788330571640861,0.6479558469697662,5.508593004053344
NVDA,2024-07-31,2024,3,2024-11-20,0.81,35082000000.0,1.0,1.0,4.0,0.63,0.63,0.57,5.86,39.0,0.64,0.71,0.6,17.187499999999996,0.0,-89.24914675767918,-89.24914675767918,-9.52380952380953,-9.52380952380953,-90.27303754266212,24.224959696892903,8.0,3.0,1.0,1.0,1.0,1.0,1.0,21.645796064400734,0.7835201965903855,0.7407686368817629,0.0440058478045135,0.0829945432254636,0.5713792044232837,0.5124276749848053,0.0612798666749393,0.1132463844040345,0.6492474274305022,0.5756173340601096,0.0743578027064404,0.1458047680686898,4.379833444678013,8.055853836159073,6.528983044998314,17.68332275572419,0.1703420705495741,26.73274844089945,3,-1.8369701987210294e-16,-1.0,0.0,0.0,8.0,3.0,140.0,12.55,8.964285714285715,1.07827,1.06851,1.07339,147.0,3.195,2.173469387755102,0.52218,0.52218,0.52218,51.35225780005403,146.9596710205078,146.6197967529297,0.23127043305010142,0.4849290838038777,0.3770033579008479,0.4783456886678693,0.015713971931513613,1.2862725852203534,5.643785286560235
NVDA,2024-10-31,2024,4,2025-02-26,0.89,39331000000.0,1.0,1.0,4.0,1.6529,1.6472,1.6545,1.6358,42.0,0.848,1.00615625,0.7091000000000001,35.030218160377366,0.3460417678484724,1.0453600684680349,0.6969067123120234,0.0967995644019629,0.4431762991743616,1.1431715368627071,24.36351551383324,6.0,4.0,1.0,1.0,1.0,1.0,1.0,26.562500000000007,0.7514647137150466,0.753503401969294,-0.0320554828753388,0.0119503649291746,0.5525632490013316,0.536035282230326,-0.0188159554219521,0.0424639112529872,0.620572569906791,0.6048998116963542,-0.0286748575237112,0.0456829451827291,5.759167501798441,-5.195788579255697,-11.211605545607602,-6.828055458757492,-9.621009880674157,-7.5760875571149615,4,1.0,-2.4492935982947064e-16,0.0,0.0,6.0,4.0,130.0,13.1,10.076923076923078,1.20509,1.20509,1.20509,120.0,4.82,4.016666666666667,0.97095,0.94168,0.956315,20.64368636367408,126.59536743164062,120.11714172363281,5.117269169826411,0.32711111866566267,0.8349047457561677,0.5818140479222661,0.018826400104262137,0.39179453743480674,5.397761884127957
NVDA,2025-04-30,2025,2,2025-08-27,1.05,46743000000.0,1.0,1.0,4.0,0.7236,0.9296,0.7268,0.9152,14.0,0.7499,0.95,0.71,32.00426723563142,-22.160068846815832,-20.935314685314683,1.5734265734265702,0.4422332780541709,-21.815834767641995,-20.585664335664337,24.552970161588043,1.0,1.0,1.0,1.0,1.0,1.0,1.0,4.95283018867925,0.7455675275069836,0.7565299913298499,0.0,-0.0379526690834018,0.550396214582977,0.5561837206476423,0.0,-0.0209829898403066,0.6233681090017673,0.629139053835207,0.0,-0.0258793184287349,3.2273173611343178,-0.1592855477807608,4.766570658924595,10.217076250492042,3.8804472692095833,15.226631724717029,2,-1.0,1.2246467991473532e-16,1.0,0.0,2.0,1.0,180.0,12.05,6.694444444444445,0.8051,0.79535,0.800225,183.0,3.4,1.8579234972677592,0.37584,0.36609,0.370965,53.64241307132369,181.7496337890625,180.14981079101562,0.8802345098002373,0.1338015498789016,0.2436878871183117,0.26116299913760477,0.013044769942420953,0.5490693503938514,5.385566548723542
NVDA,2025-07-31,2025,3,2025-11-19,1.3,57006000000.0,1.0,1.0,4.0,0.9985,0.9949,1.0044,0.987,39.0,1.0096,1.11,0.9671,14.154120443740108,0.3618454115991605,1.1651469098277676,0.8004052684903766,0.5908863294942318,0.954869836164434,1.7629179331306963,24.729891857269436,8.0,6.0,1.0,1.0,1.0,1.0,1.0,40.01866915588745,0.6052380736235304,0.7119594605881361,-0.1403294538834532,-0.1462266400915162,0.4261041260042667,0.5198649510428881,-0.1242920885787103,-0.1264591229970648,0.4910807498524805,0.5895973844407015,-0.1322873591492868,-0.1294918200543104,1.5072651011466578,-12.3356562828397,-1.0151798500154663,-3.3365272681268,-2.943380664128293,2.6546693615257047,3,-1.8369701987210294e-16,-1.0,0.0,0.0,8.0,6.0,187.0,13.7,7.32620320855615,0.88315,0.87339,0.87827,181.0,6.0600000000000005,3.348066298342542,0.83437,0.76608,0.800225,8.886219499698274,181.3498992919922,180.62994384765625,0.39699798408860953,0.3571642276831682,0.4459672973382609,0.36385646817260214,0.04489925454062362,0.8008753776675768,5.19784438043507
NVDA,2025-10-31,2025,4,2026-02-25,1.76,68127000000.0,1.0,1.0,4.0,1.6529,1.6472,1.6545,1.6358,42.0,1.52,1.67815625,1.3811,19.543174342105267,0.3460417678484724,1.0453600684680349,0.6969067123120234,0.0967995644019629,0.4431762991743616,1.1431715368627071,24.91642456119906,6.0,4.0,1.0,1.0,1.0,1.0,1.0,28.763866877971473,0.724236784117408,0.7051524781887264,0.1189987104938775,-0.0213307433895756,0.5652611086151937,0.5230394159463536,0.139156982610927,0.0148648940322166,0.6084333483088377,0.5865625790412132,0.1173525984563571,-0.0149347606929296,3.7205943655811855,1.4786428734250323,2.7601683727343236,4.322192722483767,2.634386571485602,1.21765986410684,4,1.0,-2.4492935982947064e-16,0.0,0.0,6.0,4.0,194.0,12.125,6.25,0.73681,0.72706,0.731935,185.0,4.24,2.291891891891892,0.55145,0.54169,0.54657,25.3253362661985,192.85000610351562,184.88999938964844,4.127563630770393,0.09526801663478894,0.37902244813657754,0.319841505901524,0.07209130560983126,0.25135191095715764,5.005810524581212
